,name,category,average_listing_price,total_items,sell_seven_days,sell_fourteen,sell_30,sell_3months,sell_6months,sell-9months,sell_12months
1,Salvatore Ferragamo,Heels,$127.20,"1,299",13.00%,24.00%,43.30%,75.30%,87.50%,88.10%,88.10%
2,Jimmy Choo,Heels,$184.40,"1,261",14.40%,23.70%,40.40%,75.10%,85.20%,85.70%,85.70%
3,Salvatore Ferragamo,Flats,$130.00,"1,122",18.40%,31.10%,49.80%,79.40%,88.40%,88.70%,88.70%
4,Longchamp,Tote,$82.85,"1,056",88.50%,93.70%,95.30%,96.30%,96.50%,96.50%,96.50%
5,Manolo Blahnik,Heels,$180.80,908,21.10%,33.80%,51.20%,79.40%,88.30%,88.50%,88.50%
6,Golden Goose,Sneakers,$247.64,748,30.70%,47.10%,62.20%,86.60%,90.00%,90.00%,90.00%
7,Tod's,Flats,$139.61,741,13.40%,24.40%,44.50%,77.20%,86.20%,86.50%,86.50%
8,Christian Louboutin,Heels,$262.48,728,32.80%,48.90%,66.30%,86.40%,90.20%,90.20%,90.20%
9,Gucci,Sunglasses,$189.27,728,32.10%,45.10%,65.80%,85.30%,88.20%,88.20%,88.20%
10,Self-Portrait,Cocktail Dress,$219.85,704,11.60%,22.40%,36.40%,72.90%,83.90%,84.50%,84.50%
11,Prada,Heels,$194.63,664,14.80%,27.30%,43.50%,76.20%,86.40%,86.40%,86.40%
12,Marc Jacobs,Leather Crossbody Bag,$137.25,638,29.00%,47.60%,65.50%,86.10%,90.10%,90.30%,90.30%
13,Fjällräven,Backpack,$40.04,630,86.00%,93.30%,96.00%,96.80%,97.10%,97.10%,97.10%
14,Louis Vuitton,Wallet,$277.63,517,15.10%,21.90%,33.80%,76.80%,90.90%,90.90%,90.90%
15,Herve Leger,Cocktail Dress,$256.57,507,15.60%,27.60%,39.80%,75.10%,85.80%,85.80%,85.80%
16,Zimmermann,Cocktail Dress,$401.28,492,19.50%,31.50%,48.20%,79.70%,89.20%,89.20%,89.20%
17,Gucci,Heels,$246.95,482,15.40%,27.00%,39.80%,75.70%,84.60%,84.60%,84.60%
18,Roberto Cavalli,Cocktail Dress,$259.27,466,7.70%,17.20%,30.30%,67.80%,75.80%,76.20%,76.20%
19,Tom Ford,Sunglasses,$137.34,412,38.30%,58.70%,76.20%,88.60%,90.30%,90.30%,90.30%
20,Zimmermann,Casual Dress,$378.71,412,22.10%,29.40%,41.50%,78.40%,85.90%,85.90%,85.90%
21,Michael Kors,Watch,$75.57,390,39.00%,57.40%,75.60%,84.90%,86.40%,86.40%,86.40%
22,Prada,Sunglasses,$169.77,389,38.00%,57.80%,72.50%,87.10%,88.40%,88.40%,88.40%
23,Jimmy Choo,Wedges,$151.10,381,12.10%,21.50%,40.90%,73.00%,84.00%,84.30%,84.30%
24,Jimmy Choo,Sandals,$169.80,368,18.50%,30.20%,49.20%,76.10%,82.90%,82.90%,82.90%
25,Burberry,Trenchcoat,$400.20,365,36.20%,49.30%,65.20%,87.10%,89.00%,89.00%,89.00%
26,Gucci,Sandals,$236.34,362,30.70%,44.20%,57.70%,79.00%,85.60%,85.60%,85.60%
27,Max Mara,Cocktail Dress,$167.64,353,12.50%,22.40%,34.60%,70.80%,85.60%,86.70%,86.70%
28,Gucci,Flats,$247.93,337,27.00%,39.50%,59.90%,82.50%,87.50%,87.50%,87.50%
29,Louis Vuitton,Leather Wallet,$255.58,332,10.20%,15.40%,22.30%,68.70%,84.90%,84.90%,84.90%
30,Kate Spade New York,Leather Crossbody Bag,$78.20,324,41.70%,60.80%,77.50%,89.80%,91.40%,91.40%,91.40%
31,Hermès,Silk Scarf,$291.64,318,38.70%,52.50%,66.70%,90.60%,93.10%,93.10%,93.10%
32,Burberry,Scarf,$189.00,317,41.00%,51.70%,61.80%,86.40%,89.60%,89.60%,89.60%
33,Jimmy Choo,Flats,$161.92,317,11.70%,23.00%,43.20%,79.20%,87.40%,87.70%,87.70%
34,Longchamp,Satchel,$97.18,312,82.10%,91.00%,95.20%,97.10%,97.10%,97.10%,97.10%
35,Burberry,Jacket,$264.18,309,28.20%,41.40%,57.00%,79.30%,82.80%,82.80%,82.80%
36,Marc Jacobs,Crossbody Bag,$111.16,301,35.20%,54.50%,72.80%,85.00%,87.00%,87.00%,87.00%
37,Max Mara,Casual Dress,$168.62,296,15.50%,28.70%,41.90%,72.00%,83.40%,84.80%,85.50%
38,Prada,Sandals,$212.59,288,19.40%,30.90%,43.40%,74.70%,81.30%,81.30%,81.30%
39,Burberry,Sunglasses,$129.35,269,48.00%,65.10%,77.00%,87.40%,90.30%,90.30%,90.30%
40,Tory Burch,Flats,$56.50,267,52.80%,75.70%,87.60%,91.40%,92.90%,92.90%,92.90%
41,Louis Vuitton,Crossbody Bag,$623.14,265,16.20%,23.80%,42.30%,80.80%,83.80%,83.80%,83.80%
42,Chanel,Sunglasses,$233.25,264,40.50%,52.70%,67.00%,89.80%,90.50%,90.50%,90.50%
43,Marc Jacobs,Leather Satchel,$179.99,260,34.20%,50.40%,67.30%,88.50%,92.70%,92.70%,92.70%
44,Kate Spade New York,Leather Satchel,$92.64,259,34.00%,54.10%,73.00%,84.60%,86.50%,86.50%,86.50%
45,Tory Burch,Sandals,$63.85,252,67.50%,79.00%,86.10%,91.30%,92.90%,92.90%,92.90%
46,Chloé,Sunglasses,$159.53,245,19.60%,35.50%,51.00%,84.10%,91.00%,91.00%,91.00%
47,Prada,Flats,$204.33,243,15.60%,26.30%,45.30%,75.70%,83.10%,83.10%,83.10%
48,Chloé,Flats,$149.17,243,10.70%,21.00%,37.40%,67.90%,82.30%,82.30%,82.30%
49,Gucci,Leather Wallet,$207.09,230,21.70%,28.70%,41.30%,75.20%,86.50%,86.50%,86.50%
50,Céline,Sunglasses,$209.18,229,22.70%,36.20%,51.10%,75.50%,86.50%,86.50%,86.50%
51,Michael Kors,Cocktail Dress,$205.19,228,4.40%,9.60%,17.10%,44.30%,64.90%,68.40%,69.70%
52,Longchamp,Backpack,$83.50,228,75.90%,88.60%,92.50%,94.30%,94.30%,94.30%,94.30%
53,MARNI,Casual Dress,$216.99,226,10.20%,14.60%,24.30%,70.80%,78.80%,81.90%,81.90%
54,Louis Vuitton,Satchel,$654.94,226,23.90%,38.10%,53.10%,87.60%,92.00%,92.00%,92.00%
55,Longchamp,Shoulder Bag,$89.13,224,79.90%,87.10%,90.60%,92.90%,93.30%,93.30%,93.30%
56,Burberry,Cashmere Scarf,$209.43,222,46.80%,60.40%,75.20%,90.10%,92.30%,92.30%,92.30%
57,Versace,Sunglasses,$141.66,222,32.90%,50.90%,64.40%,86.00%,90.10%,90.10%,90.10%
58,Marc Jacobs,Leather Shoulder Bag,$168.67,220,29.50%,46.40%,59.10%,87.30%,91.80%,91.80%,91.80%
59,Marc Jacobs,Tote,$114.62,219,58.90%,72.60%,86.80%,93.20%,93.60%,93.60%,93.60%
60,Chanel,Flats,$380.54,218,27.10%,36.70%,54.60%,81.70%,86.70%,86.70%,86.70%
61,Coach,Leather Crossbody Bag,$96.10,215,70.70%,87.00%,93.00%,94.00%,94.00%,94.00%,94.00%
62,Ugg Australia,Boots,$47.61,215,43.70%,61.90%,74.90%,89.30%,92.10%,93.00%,93.00%
63,Burberry,Coat,$346.43,212,37.70%,47.60%,63.20%,87.70%,91.50%,91.50%,91.50%
64,RED Valentino,Cocktail Dress,$162.18,211,12.30%,19.90%,28.40%,67.30%,79.10%,80.10%,80.10%
65,Christian Dior,Sunglasses,$194.77,211,18.00%,31.80%,49.30%,77.30%,87.20%,87.20%,87.20%
66,Miu Miu,Heels,$187.30,211,8.10%,17.50%,31.80%,67.80%,84.80%,85.30%,85.30%
67,Salvatore Ferragamo,Sandals,$148.99,211,23.20%,35.10%,52.60%,74.40%,84.40%,84.80%,84.80%
68,Stella McCartney,Casual Dress,$235.55,208,10.10%,15.90%,23.60%,54.30%,68.80%,69.20%,69.20%
69,Burberry,Casual Dress,$262.54,208,18.30%,25.50%,39.40%,69.20%,82.20%,82.20%,82.20%
70,Louis Vuitton,Card Holder,$185.56,205,19.00%,30.20%,48.30%,85.90%,92.20%,92.20%,92.20%
71,Fendi,Sunglasses,$168.74,204,31.90%,49.00%,63.20%,83.30%,91.70%,91.70%,91.70%
72,Telfar,Satchel,$147.34,203,34.50%,50.20%,61.60%,77.80%,92.60%,92.60%,92.60%
73,Coach Factory,Leather Crossbody Bag,$76.68,202,72.30%,84.20%,90.10%,93.10%,93.10%,93.10%,93.10%
74,Stella McCartney,Jeans,$130.21,202,17.80%,29.20%,50.00%,72.80%,81.20%,81.70%,82.20%
75,Louis Vuitton,Shoulder Bag,$647.94,202,18.30%,32.70%,48.50%,81.70%,85.60%,85.60%,85.60%
76,Gucci,Shoulder Bag,$381.23,201,21.40%,33.80%,48.30%,80.60%,87.60%,87.60%,87.60%
77,Prada,Leather Wallet,$214.01,197,12.70%,25.90%,43.70%,79.20%,88.80%,88.80%,88.80%
78,Ugg,Ankle Boots,$44.54,197,62.40%,71.60%,84.80%,92.40%,93.90%,93.90%,93.90%
79,Adidas x Yeezy,Sneakers,$135.84,197,8.10%,18.30%,32.00%,59.90%,73.10%,75.60%,75.60%
80,Manolo Blahnik,Sandals,$177.47,196,19.40%,32.10%,48.50%,73.00%,81.10%,81.10%,81.10%
81,Jimmy Choo,Ankle Boots,$236.18,195,8.20%,13.30%,29.20%,67.70%,76.40%,76.40%,76.40%
82,Valentino Garavani,Heels,$289.53,192,9.90%,20.80%,34.90%,70.30%,82.30%,82.30%,82.30%
83,Kate Spade New York,Crossbody Bag,$56.00,191,56.50%,78.50%,88.00%,93.70%,96.30%,96.30%,96.30%
84,Max Mara,Blazer,$213.83,191,11.00%,16.20%,28.80%,63.90%,80.60%,81.70%,82.20%
85,Gucci,Leather Belt,$209.41,190,44.20%,62.10%,74.70%,87.40%,88.40%,88.40%,88.40%
86,Chanel,Heels,$353.30,188,18.60%,25.00%,40.40%,81.90%,87.80%,87.80%,87.80%
87,Saint Laurent,Sunglasses,$205.96,188,20.70%,31.40%,47.30%,83.00%,89.40%,89.40%,89.40%
88,Acne Studios,Jeans,$88.10,187,13.90%,18.70%,26.70%,47.10%,56.10%,58.30%,58.80%
89,Coach Factory,Leather Shoulder Bag,$83.95,186,68.80%,79.00%,87.60%,91.40%,91.90%,91.90%,91.90%
90,Stella McCartney,Dress,$57.24,186,18.80%,34.90%,56.50%,73.70%,88.70%,88.70%,88.70%
91,Yves Saint Laurent,Heels,$181.09,185,5.40%,14.10%,31.90%,67.00%,80.00%,80.00%,80.00%
92,Coach Factory,Leather Wristlet,$30.52,184,72.80%,83.20%,90.20%,94.60%,95.10%,95.10%,95.10%
93,Kate Spade New York,Shoulder Bag,$78.29,184,33.70%,52.70%,72.30%,90.20%,93.50%,93.50%,93.50%
94,Kate Spade New York,Leather Wallet,$46.26,183,30.60%,57.40%,82.50%,88.50%,90.70%,90.70%,90.70%
95,M Missoni,Casual Dress,$183.65,183,9.80%,17.50%,31.70%,75.40%,91.80%,96.70%,97.30%
96,Just Cavalli,Cocktail Dress,$164.83,183,13.70%,20.80%,43.20%,72.70%,84.20%,85.80%,85.80%
97,Gucci,Wallet,$201.78,183,18.60%,30.10%,43.20%,71.60%,83.60%,83.60%,83.60%
98,Play Comme Des Garçons,Short Sleeve T-Shirt,$62.25,182,27.50%,53.80%,79.10%,88.50%,91.80%,91.80%,91.80%
99,Stella McCartney,Cocktail Dress,$241.27,182,8.20%,12.10%,24.20%,54.90%,72.00%,72.50%,72.50%
100,Gucci,Sneakers,$274.36,177,26.60%,33.90%,46.90%,79.10%,85.30%,85.90%,85.90%
101,Salvatore Ferragamo,Leather Shoulder Bag,$249.06,175,26.30%,32.60%,48.00%,82.30%,89.10%,89.10%,89.10%
102,Kate Spade New York,Tote,$79.42,174,39.70%,60.30%,79.30%,93.70%,96.00%,96.00%,96.00%
103,RED Valentino,Casual Dress,$180.16,172,11.00%,16.30%,32.60%,65.70%,82.00%,83.10%,83.10%
104,Coach,Wristlet,$24.54,167,77.20%,88.60%,92.20%,94.60%,95.20%,95.20%,95.20%
105,Self-Portrait,Casual Dress,$215.09,166,15.10%,21.10%,34.30%,72.30%,82.50%,83.10%,83.10%
106,Ugg,Boots,$60.82,165,49.70%,60.00%,76.40%,87.30%,89.10%,89.10%,89.10%
107,Dolce & Gabbana,Cocktail Dress,$439.95,164,11.60%,23.20%,37.20%,73.80%,82.90%,82.90%,82.90%
108,Valentino Garavani,Sandals,$238.01,164,20.70%,29.30%,40.90%,75.60%,87.20%,87.20%,87.20%
109,Kate Spade New York,Leather Shoulder Bag,$96.12,163,31.90%,50.30%,76.10%,89.00%,91.40%,91.40%,91.40%
110,Manolo Blahnik,Flats,$167.46,163,22.10%,36.80%,53.40%,79.10%,85.90%,85.90%,85.90%
111,Salvatore Ferragamo,Sunglasses,$99.50,161,38.50%,60.90%,80.70%,93.80%,94.40%,94.40%,94.40%
112,Gucci,Leather Shoulder Bag,$462.96,161,23.00%,30.40%,44.70%,77.60%,83.90%,83.90%,83.90%
113,Gucci,Tote,$409.38,161,24.20%,31.10%,42.20%,78.90%,90.70%,90.70%,90.70%
114,M Missoni,Cocktail Dress,$184.07,160,16.30%,28.10%,50.60%,83.10%,95.60%,98.10%,98.10%
115,Coach Factory,Wristlet,$22.16,159,86.80%,95.60%,95.60%,96.90%,96.90%,96.90%,96.90%
116,Comme des Garçons play x Converse,Sneakers,$71.74,159,45.90%,61.60%,79.90%,92.50%,93.10%,93.70%,93.70%
117,Dolce & Gabbana,Heels,$179.42,158,14.60%,26.60%,51.30%,79.10%,89.20%,89.20%,89.20%
118,D&G Dolce & Gabbana,Cocktail Dress,$204.26,157,31.20%,51.00%,66.90%,85.40%,91.70%,91.70%,91.70%
119,Louis Vuitton,Tote,$743.35,157,31.20%,41.40%,58.00%,82.80%,89.20%,89.20%,89.20%
120,Coach Factory,Leather Satchel,$109.42,156,62.80%,77.60%,90.40%,94.90%,94.90%,94.90%,94.90%
121,Coach Factory,Crossbody Bag,$45.03,155,90.30%,95.50%,97.40%,97.40%,97.40%,97.40%,97.40%
122,Chloé,Sandals,$203.81,155,11.60%,23.20%,39.40%,69.70%,78.70%,79.40%,79.40%
123,Coach,Shoulder Bag,$86.85,155,76.10%,87.10%,92.30%,94.80%,94.80%,94.80%,94.80%
124,Max Mara,Wool Blazer,$204.90,154,16.90%,28.60%,44.20%,68.20%,82.50%,83.80%,83.80%
125,Coach,Leather Shoulder Bag,$127.25,154,69.50%,83.10%,88.30%,91.60%,92.20%,92.20%,92.20%
126,Gucci,Mule/Clog,$284.65,153,26.80%,41.80%,56.20%,83.00%,90.20%,90.80%,90.80%
127,Chloé,Leather Satchel,$436.57,152,23.00%,31.60%,40.80%,78.30%,90.80%,90.80%,90.80%
128,Coach Factory,Shoulder Bag,$64.61,152,81.60%,90.10%,93.40%,94.10%,94.10%,94.10%,94.10%
129,Longchamp,Leather Crossbody Bag,$163.65,152,46.70%,63.80%,78.90%,92.10%,94.10%,94.10%,94.10%
130,Dolce & Gabbana,Sunglasses,$134.74,151,37.10%,62.30%,78.80%,92.10%,94.00%,94.00%,94.00%
131,Burberry,Short Sleeve Polo,$95.63,150,22.70%,38.00%,53.30%,74.70%,80.70%,81.30%,81.30%
132,Prada,Wedges,$175.37,148,16.90%,25.00%,41.20%,73.60%,85.80%,86.50%,87.20%
133,Kate Spade New York,Satchel,$93.65,148,24.30%,43.20%,68.20%,85.10%,88.50%,88.50%,88.50%
134,Coach,Leather Satchel,$130.54,147,59.20%,72.10%,83.70%,92.50%,93.90%,93.90%,93.90%
135,Alexander Wang,Ankle Boots,$155.60,147,8.80%,18.40%,36.10%,62.60%,75.50%,76.90%,76.90%
136,Jimmy Choo,Boots,$265.15,146,16.40%,24.70%,48.60%,79.50%,87.00%,87.70%,87.70%
137,Moschino Cheap And Chic,Cocktail Dress,$140.56,145,9.00%,19.30%,29.70%,69.70%,80.70%,83.40%,84.10%
138,Tory Burch,Leather Crossbody Bag,$140.58,145,63.40%,78.60%,86.20%,90.30%,90.30%,90.30%,90.30%
139,Burberry Brit,Jacket,$258.15,144,44.40%,57.60%,70.10%,86.80%,90.30%,90.30%,90.30%
140,Alexander McQueen,Sneakers,$189.49,144,18.80%,34.70%,48.60%,78.50%,91.00%,91.00%,91.00%
141,Kate Spade New York,Leather Tote,$93.69,144,38.90%,56.90%,77.10%,88.90%,91.70%,91.70%,91.70%
142,Marc Jacobs,Leather Wallet,$65.38,143,25.20%,36.40%,69.20%,83.90%,88.10%,88.10%,88.10%
143,Chanel,Leather Wallet,$352.69,143,12.60%,22.40%,32.20%,79.00%,88.10%,88.10%,88.10%
144,Tod's,Heels,$160.30,142,9.90%,18.30%,26.80%,62.00%,76.10%,77.50%,77.50%
145,Michael Kors,Sunglasses,$54.82,142,44.40%,67.60%,84.50%,90.80%,91.50%,91.50%,91.50%
146,Saint Laurent,Heels,$307.82,141,5.00%,14.90%,29.10%,68.80%,78.70%,79.40%,79.40%
147,Burberry,Wool Coat,$445.03,139,38.10%,54.70%,67.60%,85.60%,87.10%,87.10%,87.10%
148,Prada Linea Rossa,Sneakers,$151.30,136,15.40%,27.90%,41.90%,76.50%,81.60%,81.60%,81.60%
149,Marc Jacobs,Leather Tote,$172.22,136,32.40%,51.50%,65.40%,80.90%,85.30%,85.30%,85.30%
150,Gucci,Crossbody Bag,$390.07,131,32.80%,48.10%,65.60%,87.00%,91.60%,91.60%,91.60%
151,Gucci,Satchel,$385.56,130,13.80%,24.60%,37.70%,78.50%,87.70%,87.70%,87.70%
152,Longchamp,Crossbody Bag,$99.46,129,60.50%,80.60%,88.40%,96.10%,96.90%,96.90%,96.90%
153,Emilio Pucci,Cocktail Dress,$270.38,129,7.80%,14.70%,25.60%,72.90%,83.70%,83.70%,85.30%
154,Christian Louboutin,Wedges,$208.36,129,19.40%,31.80%,44.20%,82.20%,89.10%,89.10%,89.10%
155,Jimmy Choo,Sunglasses,$132.23,129,34.10%,53.50%,65.10%,82.20%,89.90%,89.90%,89.90%
156,Burberry,Tote,$273.15,128,25.80%,40.60%,52.30%,85.20%,86.70%,86.70%,86.70%
157,Alexander McQueen,Cocktail Dress,$353.19,128,26.60%,42.20%,60.20%,81.30%,88.30%,88.30%,88.30%
158,Prada,Shoulder Bag,$387.42,126,19.00%,27.00%,42.90%,81.70%,85.70%,85.70%,85.70%
159,Marc Jacobs,Satchel,$133.67,123,55.30%,71.50%,79.70%,91.90%,95.90%,95.90%,95.90%
160,Coach,Crossbody Bag,$61.02,123,81.30%,92.70%,96.70%,96.70%,96.70%,96.70%,96.70%
161,See By Chloé,Casual Dress,$120.31,121,9.10%,19.00%,32.20%,71.90%,88.40%,95.90%,95.90%
162,Chloé,Heels,$164.30,120,10.80%,20.00%,36.70%,70.80%,84.20%,84.20%,84.20%
163,Fjällräven,Crossbody Bag,$31.90,120,88.30%,95.80%,96.70%,96.70%,96.70%,96.70%,96.70%
164,Fendi,Heels,$217.37,119,5.90%,9.20%,21.80%,66.40%,83.20%,83.20%,83.20%
165,Rouje Paris,Casual Dress,$120.61,119,49.60%,63.90%,79.00%,90.80%,94.10%,94.10%,94.10%
166,Burberry,Rain Boots,$178.87,117,28.20%,35.00%,56.40%,87.20%,92.30%,92.30%,92.30%
167,Burberry,Short Sleeve T-Shirt,$103.15,117,23.90%,31.60%,58.10%,70.10%,83.80%,84.60%,84.60%
168,Burberry,Long Sleeve Button-Down Shirt,$119.82,117,28.20%,39.30%,60.70%,85.50%,89.70%,89.70%,89.70%
169,Alexander Wang,Cocktail Dress,$181.22,116,5.20%,12.90%,19.00%,52.60%,69.80%,72.40%,72.40%
170,Marc Jacobs,Casual Dress,$155.39,116,5.20%,9.50%,20.70%,59.50%,73.30%,75.90%,75.90%
171,Burberry,Flats,$167.96,115,19.10%,35.70%,55.70%,80.00%,90.40%,90.40%,90.40%
172,Kenzo,Sweatshirt,$115.30,115,19.10%,27.00%,47.00%,79.10%,91.30%,93.00%,93.00%
173,Lanvin,Flats,$127.71,115,4.30%,12.20%,30.40%,64.30%,76.50%,80.00%,80.00%
174,Prada Linea Rossa,Wedges,$130.71,115,25.20%,38.30%,60.00%,83.50%,90.40%,90.40%,90.40%
175,Burberry,Dress,$109.49,114,14.00%,26.30%,47.40%,81.60%,86.80%,86.80%,86.80%
176,Love Moschino,Casual Dress,$107.73,114,8.80%,13.20%,28.10%,55.30%,71.90%,77.20%,78.10%
177,Longchamp,Leather Shoulder Bag,$169.76,112,45.50%,62.50%,70.50%,89.30%,91.10%,91.10%,91.10%
178,Burberry,Wool Skirt,$206.58,112,27.70%,37.50%,48.20%,69.60%,77.70%,78.60%,78.60%
179,Dooney & Bourke,Leather Crossbody Bag,$54.07,112,89.30%,91.10%,94.60%,95.50%,96.40%,96.40%,96.40%
180,Gucci,Leather Satchel,$517.82,112,18.80%,23.20%,37.50%,85.70%,92.00%,92.00%,92.00%
181,Gucci,Leather Crossbody Bag,$542.57,110,25.50%,40.00%,57.30%,81.80%,86.40%,86.40%,86.40%
182,Burberry Brit,Jeans,$89.27,110,22.70%,39.10%,64.50%,89.10%,94.50%,94.50%,94.50%
183,Coach,Leather Wristlet,$39.60,109,52.30%,66.10%,81.70%,89.90%,89.90%,89.90%,89.90%
184,Prada,Tote,$382.86,107,15.90%,23.40%,36.40%,81.30%,89.70%,89.70%,89.70%
185,Burberry,Heels,$182.56,107,12.10%,31.80%,43.90%,70.10%,78.50%,79.40%,79.40%
186,Coach,Leather Wallet,$52.60,107,51.40%,78.50%,94.40%,97.20%,97.20%,97.20%,97.20%
187,Chanel,Sandals,$387.11,106,24.50%,34.00%,45.30%,79.20%,87.70%,87.70%,87.70%
188,Marc Jacobs,Sunglasses,$73.97,106,41.50%,62.30%,75.50%,85.80%,89.60%,89.60%,89.60%
189,Kenzo,Short Sleeve T-Shirt,$60.05,106,20.80%,33.00%,56.60%,78.30%,86.80%,87.70%,87.70%
190,Tod's,Ankle Boots,$177.76,106,9.40%,18.90%,30.20%,62.30%,69.80%,70.80%,70.80%
191,Tory Burch,Crossbody Bag,$79.45,105,87.60%,89.50%,92.40%,96.20%,96.20%,96.20%,96.20%
192,Burberry,Casual Skirt,$209.30,105,20.00%,32.40%,47.60%,80.00%,84.80%,84.80%,84.80%
193,Burberry Brit,3/4 Sleeve T-Shirt,$70.71,105,40.00%,58.10%,75.20%,88.60%,89.50%,90.50%,90.50%
194,Michael Kors Collection,Cocktail Dress,$318.34,104,1.00%,3.80%,14.40%,48.10%,76.90%,76.90%,76.90%
195,Coach,Flats,$50.77,104,43.30%,70.20%,85.60%,92.30%,93.30%,93.30%,93.30%
196,Coach Factory,Leather Tote,$91.64,104,72.10%,84.60%,90.40%,94.20%,94.20%,94.20%,94.20%
197,Longchamp,Leather Satchel,$199.33,104,42.30%,56.70%,67.30%,91.30%,93.30%,93.30%,93.30%
198,Prada,Cocktail Dress,$308.94,103,16.50%,28.20%,35.90%,74.80%,84.50%,84.50%,84.50%
199,Burberry,Satchel,$323.72,103,29.10%,38.80%,53.40%,82.50%,91.30%,91.30%,91.30%
200,Bottega Veneta,Heels,$269.82,103,5.80%,9.70%,17.50%,57.30%,77.70%,77.70%,77.70%
201,Chloé,Ankle Boots,$280.19,103,10.70%,19.40%,29.10%,64.10%,73.80%,73.80%,73.80%
202,Jimmy Choo,Sneakers,$175.84,102,15.70%,27.50%,34.30%,65.70%,78.40%,78.40%,78.40%
203,Burberry,Shoulder Bag,$275.63,102,30.40%,38.20%,57.80%,90.20%,93.10%,93.10%,93.10%
204,Bottega Veneta,Leather Wallet,$235.53,102,6.90%,18.60%,29.40%,62.70%,82.40%,82.40%,82.40%
205,ETRO,Cocktail Dress,$281.02,101,8.90%,18.80%,31.70%,89.10%,98.00%,99.00%,99.00%
206,Hermès,Tote,$344.09,101,16.80%,24.80%,38.60%,75.20%,78.20%,78.20%,78.20%
207,Louis Vuitton,Leather Card Holder,$177.72,101,17.80%,27.70%,42.60%,78.20%,92.10%,92.10%,92.10%
208,Burberry Brit,Casual Dress,$142.00,101,21.80%,35.60%,58.40%,80.20%,92.10%,92.10%,92.10%
209,Christian Dior,Heels,$255.13,101,12.90%,22.80%,38.60%,70.30%,83.20%,83.20%,83.20%
210,Telfar,Tote,$161.21,100,36.00%,46.00%,58.00%,77.00%,86.00%,86.00%,86.00%
211,Prada Linea Rossa,Flats,$133.03,100,22.00%,34.00%,59.00%,77.00%,82.00%,82.00%,82.00%
212,Michael Kors,Casual Dress,$187.63,100,4.00%,7.00%,15.00%,51.00%,78.00%,81.00%,83.00%
213,Christian Dior,Scarf,$123.18,100,38.00%,55.00%,68.00%,81.00%,85.00%,85.00%,85.00%
214,Louis Vuitton,Leather Satchel,$830.37,100,15.00%,26.00%,43.00%,85.00%,87.00%,87.00%,87.00%
215,Max Mara,Wool Coat,$478.33,99,36.40%,44.40%,55.60%,86.90%,92.90%,93.90%,93.90%
216,Salvatore Ferragamo,Leather Satchel,$336.90,99,19.20%,26.30%,48.50%,80.80%,86.90%,86.90%,86.90%
217,Prada,Casual Dress,$288.08,99,16.20%,23.20%,37.40%,77.80%,87.90%,87.90%,87.90%
218,Chloé,Leather Crossbody Bag,$476.45,98,24.50%,37.80%,53.10%,83.70%,90.80%,90.80%,90.80%
219,Salvatore Ferragamo,Shoulder Bag,$246.40,98,13.30%,17.30%,30.60%,69.40%,79.60%,79.60%,79.60%
220,Michael Kors,Jeans,$54.16,98,21.40%,36.70%,52.00%,78.60%,83.70%,85.70%,86.70%
221,Kate Spade New York,Wallet,$33.85,97,40.20%,71.10%,85.60%,89.70%,90.70%,90.70%,90.70%
222,Tory Burch,Tote,$74.59,97,90.70%,92.80%,96.90%,96.90%,96.90%,96.90%,96.90%
223,Salvatore Ferragamo,Boots,$326.63,95,27.40%,37.90%,49.50%,71.60%,78.90%,78.90%,78.90%
224,Alexander Wang,Heels,$138.31,95,13.70%,20.00%,36.80%,67.40%,85.30%,86.30%,86.30%
225,Balenciaga,Sandals,$226.53,94,13.80%,23.40%,31.90%,62.80%,77.70%,77.70%,77.70%
226,Kate Spade New York,Heels,$60.84,93,24.70%,36.60%,62.40%,86.00%,92.50%,93.50%,93.50%
227,Alexander Wang,Casual Dress,$149.84,93,3.20%,5.40%,14.00%,47.30%,71.00%,76.30%,77.40%
228,Chloé,Casual Dress,$252.46,93,4.30%,6.50%,9.70%,72.00%,82.80%,83.90%,83.90%
229,Roberto Cavalli,Casual Dress,$260.07,92,12.00%,17.40%,25.00%,66.30%,77.20%,77.20%,77.20%
230,Coach,Wallet,$39.99,92,50.00%,73.90%,91.30%,93.50%,93.50%,93.50%,93.50%
231,Max Mara,Wool Pants,$127.60,92,21.70%,33.70%,54.30%,80.40%,93.50%,95.70%,95.70%
232,Burberry,Formal Skirt,$178.70,92,12.00%,19.60%,33.70%,64.10%,78.30%,82.60%,82.60%
233,Versace Jeans Couture,Jeans,$92.78,92,34.80%,54.30%,80.40%,91.30%,93.50%,93.50%,93.50%
234,Prada,Ankle Boots,$247.15,92,9.80%,18.50%,35.90%,63.00%,78.30%,79.30%,79.30%
235,Coach Factory,Satchel,$70.29,91,73.60%,86.80%,93.40%,94.50%,94.50%,94.50%,94.50%
236,Prada,Satchel,$394.36,91,16.50%,28.60%,37.40%,83.50%,86.80%,86.80%,86.80%
237,Gucci,Scarf,$239.58,91,35.20%,47.30%,62.60%,90.10%,93.40%,93.40%,93.40%
238,Stella McCartney,Sneakers,$166.13,90,20.00%,25.60%,42.20%,66.70%,76.70%,76.70%,76.70%
239,Coach,Satchel,$84.78,90,67.80%,84.40%,92.20%,95.60%,95.60%,95.60%,95.60%
240,Burberry,Sandals,$168.69,90,16.70%,23.30%,41.10%,66.70%,80.00%,80.00%,80.00%
241,Tiffany & Co.,Sunglasses,$142.43,89,55.10%,67.40%,84.30%,91.00%,91.00%,91.00%,91.00%
242,Kenzo,Casual Dress,$128.27,89,13.50%,19.10%,34.80%,65.20%,76.40%,76.40%,76.40%
243,Dooney & Bourke,Leather Satchel,$87.39,89,70.80%,82.00%,91.00%,95.50%,95.50%,95.50%,95.50%
244,Marc Jacobs,Backpack,$87.44,89,32.60%,55.10%,76.40%,87.60%,88.80%,88.80%,88.80%
245,Louis Vuitton,Messenger,$648.30,88,12.50%,17.00%,39.80%,61.40%,64.80%,64.80%,64.80%
246,Miu Miu,Flats,$224.01,88,13.60%,20.50%,36.40%,70.50%,85.20%,85.20%,85.20%
247,Chloé,Wedges,$175.15,88,8.00%,15.90%,33.00%,62.50%,80.70%,80.70%,80.70%
248,Tod's,Boots,$208.26,88,12.50%,18.20%,35.20%,71.60%,78.40%,78.40%,78.40%
249,Céline,Leather Wallet,$225.07,87,3.40%,9.20%,16.10%,52.90%,83.90%,83.90%,83.90%
250,Prada,Leather Shoulder Bag,$419.21,87,31.00%,37.90%,50.60%,79.30%,85.10%,85.10%,85.10%
251,Missoni,Scarf,$97.81,86,32.60%,48.80%,62.80%,88.40%,95.30%,95.30%,95.30%
252,D&G Dolce & Gabbana,Jeans,$119.94,86,44.20%,55.80%,72.10%,84.90%,88.40%,88.40%,88.40%
253,Tod's,Leather Shoulder Bag,$226.19,86,24.40%,37.20%,52.30%,87.20%,90.70%,90.70%,90.70%
254,Tod's,Sandals,$123.50,85,12.90%,25.90%,44.70%,78.80%,88.20%,89.40%,89.40%
255,Valentino Garavani,Flats,$244.54,85,3.50%,14.10%,25.90%,68.20%,76.50%,77.60%,77.60%
256,Max Mara,Dress Pants,$122.41,85,12.90%,22.40%,29.40%,64.70%,87.10%,89.40%,89.40%
257,Stella McCartney,Pullover Sweater,$109.37,84,16.70%,29.80%,63.10%,76.20%,83.30%,83.30%,83.30%
258,Dooney & Bourke,Leather Shoulder Bag,$77.60,84,59.50%,79.80%,90.50%,92.90%,92.90%,92.90%,92.90%
259,Saint Laurent,Sandals,$287.79,84,27.40%,34.50%,50.00%,76.20%,81.00%,81.00%,81.00%
260,Canada Goose,Coat,$420.47,83,66.30%,72.30%,81.90%,90.40%,91.60%,91.60%,91.60%
261,Fjällräven,Belt Bag,$30.14,83,94.00%,100.00%,100.00%,100.00%,100.00%,100.00%,100.00%
262,Salvatore Ferragamo,Mule/Clog,$136.11,83,18.10%,24.10%,42.20%,77.10%,90.40%,90.40%,90.40%
263,Burberry,Cocktail Dress,$252.67,83,10.80%,21.70%,31.30%,67.50%,83.10%,83.10%,83.10%
264,Longchamp,Leather Tote,$194.94,83,53.00%,68.70%,77.10%,91.60%,95.20%,95.20%,95.20%
265,Christian Louboutin,Ankle Boots,$386.67,83,21.70%,36.10%,51.80%,78.30%,79.50%,79.50%,79.50%
266,Salvatore Ferragamo,Wedges,$125.52,82,14.60%,26.80%,41.50%,72.00%,86.60%,89.00%,89.00%
267,Tory Burch,Wedges,$66.73,82,40.20%,69.50%,82.90%,90.20%,92.70%,92.70%,92.70%
268,Fendi,Shoulder Bag,$528.85,82,19.50%,30.50%,50.00%,82.90%,87.80%,87.80%,87.80%
269,Coach,Heels,$56.13,82,32.90%,45.10%,74.40%,87.80%,89.00%,89.00%,89.00%
270,Louis Vuitton,Coin Purse,$219.46,82,29.30%,42.70%,62.20%,93.90%,93.90%,93.90%,93.90%
271,Marc by Marc Jacobs,Casual Skirt,$63.40,82,13.40%,24.40%,43.90%,68.30%,81.70%,84.10%,84.10%
272,Salvatore Ferragamo,Ankle Boots,$203.49,82,12.20%,22.00%,30.50%,62.20%,70.70%,70.70%,70.70%
273,Coach Factory,Leather Wallet,$39.14,82,63.40%,75.60%,87.80%,92.70%,92.70%,92.70%,92.70%
274,Balenciaga,Sunglasses,$196.46,82,12.20%,23.20%,42.70%,81.70%,85.40%,85.40%,85.40%
275,Chloé,Sneakers,$263.81,81,7.40%,19.80%,32.10%,66.70%,77.80%,77.80%,77.80%
276,Acne Studios,Short Sleeve T-Shirt,$70.53,81,25.90%,45.70%,63.00%,82.70%,86.40%,86.40%,86.40%
277,MARNI,Sleeveless Blouse,$133.43,81,6.20%,9.90%,28.40%,59.30%,76.50%,76.50%,76.50%
278,Kate Spade New York,Sandals,$47.30,81,22.20%,32.10%,66.70%,84.00%,86.40%,86.40%,86.40%
279,Christian Louboutin,Flats,$283.47,81,28.40%,44.40%,53.10%,76.50%,84.00%,84.00%,84.00%
280,Michael Kors Collection,Casual Dress,$295.09,81,6.20%,6.20%,13.60%,49.40%,63.00%,67.90%,67.90%
281,Roger Vivier,Flats,$209.78,81,14.80%,24.70%,32.10%,60.50%,75.30%,77.80%,79.00%
282,Salvatore Ferragamo,Leather Wallet,$123.78,80,8.80%,22.50%,45.00%,75.00%,85.00%,85.00%,85.00%
283,Giuseppe Zanotti,Heels,$160.44,80,8.80%,13.80%,23.80%,68.80%,88.80%,95.00%,95.00%
284,ESSENTIALS Fear of God,Sweatshirt,$66.58,80,71.30%,78.80%,87.50%,92.50%,93.80%,93.80%,93.80%
285,Burberry Brit,Trenchcoat,$329.06,80,43.80%,56.30%,73.80%,91.30%,93.80%,93.80%,93.80%
286,Prada,Mule/Clog,$216.38,80,28.80%,46.30%,60.00%,88.80%,93.80%,93.80%,93.80%
287,Burberry Brit,Short Sleeve Polo,$78.15,80,42.50%,62.50%,83.80%,92.50%,93.80%,93.80%,93.80%
288,McQ Alexander McQueen,Cocktail Dress,$173.46,79,26.60%,40.50%,57.00%,75.90%,87.30%,87.30%,87.30%
289,Gucci,Boots,$387.66,79,16.50%,34.20%,45.60%,78.50%,83.50%,83.50%,83.50%
290,Burberry Brit,Coat,$299.96,79,48.10%,54.40%,68.40%,88.60%,88.60%,88.60%,88.60%
291,Kate Spade New York,Sunglasses,$62.47,79,43.00%,64.60%,87.30%,92.40%,93.70%,93.70%,93.70%
292,Kate Spade New York,Leather Wristlet,$35.26,79,36.70%,58.20%,83.50%,87.30%,88.60%,88.60%,88.60%
293,Miu Miu,Leather Wallet,$169.69,79,12.70%,20.30%,41.80%,74.70%,82.30%,82.30%,82.30%
294,Vera Wang,Cocktail Dress,$130.80,79,24.10%,36.70%,53.20%,82.30%,89.90%,93.70%,94.90%
295,Chloé,Leather Wallet,$172.13,79,3.80%,12.70%,30.40%,64.60%,79.70%,79.70%,79.70%
296,FURLA,Leather Satchel,$123.96,78,14.10%,30.80%,48.70%,85.90%,93.60%,93.60%,93.60%
297,Miu Miu,Sunglasses,$185.36,78,15.40%,42.30%,62.80%,88.50%,93.60%,93.60%,93.60%
298,Brunello Cucinelli,Casual Pants,$207.41,78,6.40%,12.80%,21.80%,57.70%,75.60%,75.60%,75.60%
299,Burberry,Jeans,$123.14,78,19.20%,33.30%,55.10%,80.80%,88.50%,88.50%,88.50%
300,Manolo Blahnik,Mule/Clog,$196.39,78,30.80%,48.70%,65.40%,84.60%,92.30%,92.30%,92.30%
301,Burberry,Wool Pants,$158.17,78,20.50%,34.60%,57.70%,73.10%,84.60%,85.90%,85.90%
302,Burberry Brit,Long Sleeve Button-Down Shirt,$105.88,78,44.90%,61.50%,76.90%,87.20%,88.50%,88.50%,88.50%
303,Prada,Dress Pants,$177.39,78,12.80%,21.80%,38.50%,66.70%,75.60%,75.60%,75.60%
304,Stella McCartney,Casual Pants,$120.89,78,12.80%,16.70%,25.60%,57.70%,74.40%,74.40%,75.60%
305,Yves Saint Laurent,Scarf,$132.61,78,37.20%,47.40%,57.70%,89.70%,91.00%,91.00%,91.00%
306,Christian Dior,Blazer,$244.75,77,14.30%,22.10%,35.10%,75.30%,84.40%,85.70%,85.70%
307,ETRO,Casual Dress,$261.75,77,15.60%,26.00%,39.00%,85.70%,96.10%,97.40%,97.40%
308,Burberry Brit,Short Sleeve T-Shirt,$72.96,77,26.00%,37.70%,59.70%,83.10%,92.20%,92.20%,92.20%
309,Salvatore Ferragamo,Leather Crossbody Bag,$237.22,77,35.10%,50.60%,58.40%,85.70%,92.20%,92.20%,92.20%
310,Dior,Sunglasses,$192.71,77,35.10%,44.20%,55.80%,74.00%,76.60%,76.60%,76.60%
311,Burberry,Wallet,$168.97,77,28.60%,46.80%,62.30%,83.10%,87.00%,87.00%,87.00%
312,Prada Linea Rossa,Ankle Boots,$184.70,76,21.10%,25.00%,39.50%,71.10%,76.30%,76.30%,76.30%
313,Burberry,Wedges,$150.28,76,15.80%,28.90%,42.10%,73.70%,82.90%,82.90%,82.90%
314,Max Mara,Wool Skirt,$116.29,76,5.30%,11.80%,22.40%,56.60%,78.90%,89.50%,90.80%
315,Louis Vuitton,Heels,$293.51,76,23.70%,28.90%,42.10%,84.20%,88.20%,88.20%,88.20%
316,Miu Miu,Sandals,$189.69,76,13.20%,22.40%,32.90%,63.20%,78.90%,78.90%,78.90%
317,B Brian Atwood,Heels,$85.02,76,2.60%,6.60%,18.40%,47.40%,78.90%,92.10%,92.10%
318,MARNI,Sandals,$174.07,75,10.70%,13.30%,30.70%,62.70%,73.30%,73.30%,73.30%
319,Michael Kors,Wool Pants,$95.11,75,6.70%,16.00%,30.70%,61.30%,77.30%,80.00%,80.00%
320,Valentino,Cocktail Dress,$434.85,75,6.70%,13.30%,28.00%,74.70%,89.30%,89.30%,89.30%
321,Yves Saint Laurent Rive Gauche,Heels,$161.32,75,12.00%,22.70%,33.30%,66.70%,84.00%,84.00%,84.00%
322,Moncler,Snow Jacket,$385.04,75,33.30%,42.70%,52.00%,70.70%,77.30%,77.30%,77.30%
323,Totême,Jeans,$164.52,74,45.90%,59.50%,66.20%,78.40%,85.10%,85.10%,85.10%
324,Bottega Veneta,Sunglasses,$214.39,74,10.80%,17.60%,36.50%,77.00%,79.70%,79.70%,79.70%
325,Burberry,Casual Pants,$125.97,74,10.80%,25.70%,43.20%,73.00%,82.40%,82.40%,82.40%
326,Marc Jacobs,Cocktail Dress,$148.43,74,14.90%,27.00%,44.60%,64.90%,82.40%,82.40%,82.40%
327,Christian Louboutin,Sandals,$348.23,74,28.40%,37.80%,51.40%,79.70%,83.80%,83.80%,83.80%
328,Prada,Boots,$291.98,74,28.40%,41.90%,52.70%,78.40%,81.10%,81.10%,81.10%
329,Stella McCartney,Sunglasses,$101.55,73,42.50%,57.50%,72.60%,86.30%,89.00%,89.00%,89.00%
330,Gucci,Silk Scarf,$209.84,73,43.80%,52.10%,71.20%,89.00%,90.40%,90.40%,90.40%
331,Chanel,Ankle Boots,$480.48,73,15.10%,24.70%,38.40%,68.50%,80.80%,80.80%,80.80%
332,Prada,Wallet,$190.78,73,16.40%,27.40%,46.60%,78.10%,94.50%,94.50%,94.50%
333,Moschino Cheap And Chic,Casual Dress,$127.42,73,12.30%,19.20%,32.90%,58.90%,74.00%,74.00%,74.00%
334,Canada Goose,Snow Jacket,$435.15,73,61.60%,67.10%,75.30%,90.40%,91.80%,91.80%,91.80%
335,Burberry,Wool Pullover Sweater,$183.84,73,24.70%,35.60%,63.00%,80.80%,86.30%,86.30%,86.30%
336,Tumi,Backpack,$143.54,72,48.60%,68.10%,80.60%,95.80%,97.20%,97.20%,97.20%
337,Play Comme Des Garçons,Long Sleeve T-Shirt,$72.77,72,36.10%,55.60%,70.80%,88.90%,91.70%,91.70%,91.70%
338,Coach,Sneakers,$36.64,72,56.90%,72.20%,86.10%,91.70%,94.40%,94.40%,94.40%
339,MARNI,Heels,$148.73,72,8.30%,13.90%,27.80%,62.50%,77.80%,77.80%,77.80%
340,Burberry,Silk Scarf,$159.63,72,55.60%,63.90%,68.10%,81.90%,86.10%,86.10%,86.10%
341,Loewe,Sunglasses,$223.36,72,26.40%,41.70%,51.40%,75.00%,80.60%,80.60%,80.60%
342,Lanvin,Cocktail Dress,$236.29,71,5.60%,9.90%,16.90%,60.60%,78.90%,81.70%,81.70%
343,Blå Konst Acne Studios,Jeans,$80.40,71,9.90%,15.50%,33.80%,46.50%,57.70%,60.60%,63.40%
344,Lanvin,Heels,$143.45,71,4.20%,8.50%,16.90%,49.30%,73.20%,74.60%,74.60%
345,Coach,Scarf,$45.36,71,39.40%,66.20%,83.10%,93.00%,94.40%,94.40%,94.40%
346,Gucci,Cocktail Dress,$516.37,71,11.30%,16.90%,25.40%,70.40%,77.50%,77.50%,77.50%
347,Acne Studios,Sweatshirt,$115.98,70,15.70%,30.00%,48.60%,64.30%,77.10%,77.10%,77.10%
348,Zimmermann,Swimsuit Bottoms,$68.27,70,17.10%,32.90%,47.10%,77.10%,88.60%,88.60%,88.60%
349,Gucci,Wedges,$248.08,70,15.70%,25.70%,35.70%,62.90%,77.10%,77.10%,77.10%
350,Fjällräven,Jacket,$88.52,70,68.60%,77.10%,85.70%,92.90%,92.90%,92.90%,92.90%
351,Prada,Leather Satchel,$548.78,70,20.00%,25.70%,42.90%,85.70%,88.60%,88.60%,88.60%
352,M Missoni,Casual Skirt,$118.93,70,21.40%,37.10%,57.10%,84.30%,94.30%,97.10%,97.10%
353,Saint Laurent,Ankle Boots,$307.83,70,1.40%,12.90%,27.10%,60.00%,81.40%,81.40%,81.40%
354,Loro Piana,Cashmere Pullover Sweater,$302.43,70,24.30%,35.70%,42.90%,81.40%,88.60%,88.60%,88.60%
355,MCM,Tote,$292.55,69,23.20%,34.80%,49.30%,76.80%,89.90%,89.90%,89.90%
356,Longchamp,Sunglasses,$87.25,69,30.40%,49.30%,66.70%,91.30%,94.20%,94.20%,94.20%
357,Fendi,Casual Dress,$385.71,69,4.30%,8.70%,17.40%,58.00%,72.50%,72.50%,72.50%
358,Jimmy Choo,Mule/Clog,$229.83,69,17.40%,37.70%,55.10%,72.50%,85.50%,87.00%,87.00%
359,Balenciaga,Sneakers,$308.81,69,5.80%,13.00%,21.70%,59.40%,72.50%,72.50%,72.50%
360,Tumi,Crossbody Bag,$92.88,68,44.10%,66.20%,88.20%,100.00%,100.00%,100.00%,100.00%
361,Coach Factory,Tote,$72.40,68,75.00%,83.80%,86.80%,91.20%,91.20%,91.20%,91.20%
362,Céline,Leather Satchel,$498.66,68,4.40%,14.70%,19.10%,63.20%,77.90%,77.90%,77.90%
363,Tod's,Leather Satchel,$307.33,68,22.10%,27.90%,52.90%,88.20%,92.60%,92.60%,92.60%
364,Prada Linea Rossa,Sandals,$132.84,68,32.40%,48.50%,66.20%,88.20%,89.70%,89.70%,89.70%
365,Moncler,Coat,$527.46,68,48.50%,61.80%,69.10%,83.80%,86.80%,86.80%,86.80%
366,Gianvito Rossi,Heels,$199.62,68,5.90%,8.80%,27.90%,69.10%,92.60%,94.10%,94.10%
367,Valentino Garavani,Sneakers,$224.05,68,13.20%,20.60%,35.30%,67.60%,77.90%,77.90%,77.90%
368,Tory Burch,Leather Tote,$141.13,68,63.20%,76.50%,86.80%,88.20%,88.20%,88.20%,88.20%
369,Acne Studios,Pullover Sweater,$147.71,68,23.50%,35.30%,50.00%,70.60%,82.40%,82.40%,82.40%
370,Rouje Paris,Cocktail Dress,$110.50,67,49.30%,67.20%,82.10%,92.50%,94.00%,94.00%,94.00%
371,MCM,Leather Satchel,$299.86,67,11.90%,20.90%,28.40%,70.10%,80.60%,80.60%,80.60%
372,Moschino Cheap And Chic,Casual Skirt,$93.90,67,13.40%,17.90%,34.30%,61.20%,71.60%,73.10%,73.10%
373,Prada,Crossbody Bag,$340.53,67,19.40%,26.90%,50.70%,82.10%,89.60%,89.60%,89.60%
374,Salvatore Ferragamo,Leather Belt,$158.04,67,34.30%,55.20%,73.10%,91.00%,91.00%,91.00%,91.00%
375,Coach Factory,Wallet,$30.86,67,79.10%,95.50%,98.50%,98.50%,98.50%,98.50%,98.50%
376,Dolce & Gabbana,Dress Pants,$169.64,67,7.50%,10.40%,19.40%,64.20%,77.60%,79.10%,79.10%
377,Oakley,Sunglasses,$41.28,67,85.10%,91.00%,94.00%,95.50%,95.50%,95.50%,95.50%
378,Burberry Brit,Wool Coat,$368.39,66,36.40%,48.50%,62.10%,80.30%,84.80%,84.80%,84.80%
379,Tory Burch,Leather Shoulder Bag,$130.42,66,75.80%,84.80%,89.40%,93.90%,93.90%,93.90%,93.90%
380,Kate Spade New York,Makeup Bag,$23.12,66,53.00%,75.80%,83.30%,87.90%,90.90%,90.90%,90.90%
381,Prada Linea Rossa,Heels,$115.70,66,21.20%,34.80%,54.50%,77.30%,87.90%,87.90%,87.90%
382,Lanvin,Casual Dress,$254.22,66,10.60%,15.20%,27.30%,59.10%,75.80%,77.30%,77.30%
383,Louis Vuitton,Leather Shoulder Bag,$594.50,66,21.20%,33.30%,40.90%,80.30%,86.40%,86.40%,86.40%
384,FURLA,Leather Shoulder Bag,$112.48,66,25.80%,33.30%,53.00%,86.40%,98.50%,98.50%,98.50%
385,Roger Vivier,Heels,$206.07,66,10.60%,24.20%,34.80%,65.20%,78.80%,78.80%,78.80%
386,Céline,Wallet,$198.08,65,9.20%,12.30%,26.20%,63.10%,90.80%,90.80%,90.80%
387,MARNI,Cocktail Dress,$237.71,65,4.60%,7.70%,20.00%,58.50%,78.50%,80.00%,80.00%
388,Moschino Cheap And Chic,Formal Skirt,$83.16,65,13.80%,15.40%,26.20%,38.50%,50.80%,60.00%,63.10%
389,Givenchy,Heels,$222.45,65,6.20%,16.90%,29.20%,73.80%,87.70%,87.70%,87.70%
390,Zimmermann,Romper,$225.51,65,27.70%,30.80%,43.10%,72.30%,86.20%,86.20%,86.20%
391,Prada,Formal Skirt,$195.42,65,10.80%,12.30%,26.20%,58.50%,70.80%,72.30%,72.30%
392,Ugg Australia,Ankle Boots,$44.40,65,43.10%,56.90%,76.90%,86.20%,90.80%,90.80%,90.80%
393,Proenza Schouler,Casual Dress,$227.32,65,10.80%,15.40%,24.60%,72.30%,89.20%,93.80%,93.80%
394,Kate Spade New York,Flats,$74.42,65,21.50%,32.30%,60.00%,80.00%,86.20%,86.20%,86.20%
395,Chanel,Sneakers,$425.93,64,20.30%,28.10%,46.90%,71.90%,81.30%,81.30%,81.30%
396,Valentino,Sunglasses,$164.59,64,25.00%,34.40%,60.90%,79.70%,85.90%,85.90%,85.90%
397,Dolce & Gabbana,Formal Skirt,$194.94,64,0.00%,6.30%,21.90%,59.40%,76.60%,79.70%,79.70%
398,Zimmermann,Swimsuit Top,$77.26,64,23.40%,34.40%,48.40%,65.60%,78.10%,79.70%,79.70%
399,Tory Burch,Leather Satchel,$115.58,64,73.40%,84.40%,89.10%,93.80%,95.30%,95.30%,95.30%
400,Gucci,Ankle Boots,$353.43,64,17.20%,20.30%,45.30%,81.30%,84.40%,84.40%,84.40%
401,Burberry,Sneakers,$158.55,64,23.40%,34.40%,53.10%,73.40%,85.90%,85.90%,85.90%
402,Christian Dior,Silk Scarf,$165.16,63,46.00%,63.50%,76.20%,92.10%,92.10%,92.10%,92.10%
403,Prada Linea Rossa,Boots,$177.74,63,38.10%,46.00%,60.30%,82.50%,92.10%,92.10%,92.10%
404,Dooney & Bourke,Crossbody Bag,$33.07,63,85.70%,90.50%,92.10%,93.70%,93.70%,93.70%,93.70%
405,Burberry,Pullover Sweater,$156.24,62,21.00%,32.30%,53.20%,71.00%,82.30%,83.90%,83.90%
406,S Max Mara,Casual Dress,$118.06,62,25.80%,32.30%,43.50%,71.00%,79.00%,79.00%,79.00%
407,Acne Studios,Wool Pullover Sweater,$131.57,61,23.00%,29.50%,45.90%,73.80%,80.30%,80.30%,80.30%
408,Dolce & Gabbana,Casual Dress,$465.84,61,11.50%,16.40%,23.00%,57.40%,73.80%,73.80%,73.80%
409,Stella McCartney,Short Sleeve T-Shirt,$42.14,61,18.00%,31.10%,47.50%,73.80%,86.90%,86.90%,86.90%
410,Dooney & Bourke,Shoulder Bag,$56.92,61,65.60%,82.00%,83.60%,90.20%,90.20%,90.20%,90.20%
411,Tory Burch,Leather Wallet,$55.41,61,73.80%,91.80%,95.10%,95.10%,95.10%,95.10%,95.10%
412,Coach,Sunglasses,$51.40,60,71.70%,91.70%,93.30%,93.30%,93.30%,93.30%,93.30%
413,Christian Dior,Pullover Sweater,$172.64,60,30.00%,36.70%,48.30%,70.00%,75.00%,76.70%,76.70%
414,Burberry,Raincoat,$294.71,60,20.00%,25.00%,40.00%,71.70%,81.70%,83.30%,83.30%
415,Marc Jacobs,Heels,$105.76,60,11.70%,25.00%,40.00%,68.30%,86.70%,86.70%,86.70%
416,Max Mara,Coat,$481.56,60,38.30%,43.30%,61.70%,86.70%,90.00%,91.70%,91.70%
417,M Missoni,Cardigan,$154.37,60,21.70%,28.30%,55.00%,86.70%,96.70%,96.70%,98.30%
418,Mansur Gavriel,Flats,$125.47,60,28.30%,46.70%,70.00%,88.30%,88.30%,88.30%,88.30%
419,Burberry,Leather Shoulder Bag,$343.64,60,18.30%,35.00%,51.70%,85.00%,91.70%,91.70%,91.70%
420,Gentle Monster,Sunglasses,$130.88,60,31.70%,41.70%,55.00%,76.70%,76.70%,76.70%,76.70%
421,Moschino Cheap And Chic,Blazer,$148.91,59,11.90%,20.30%,44.10%,67.80%,84.70%,84.70%,84.70%
422,Chloé,Dress,$86.50,59,3.40%,15.30%,33.90%,62.70%,79.70%,79.70%,79.70%
423,Versace,Cocktail Dress,$384.11,59,8.50%,15.30%,22.00%,61.00%,72.90%,72.90%,72.90%
424,Marc Jacobs,Flats,$82.49,59,11.90%,32.20%,52.50%,74.60%,79.70%,79.70%,79.70%
425,Brunello Cucinelli,Cashmere Cardigan,$370.07,58,29.30%,43.10%,65.50%,89.70%,93.10%,93.10%,93.10%
426,Saint Laurent,Sneakers,$189.35,58,19.00%,31.00%,36.20%,65.50%,84.50%,84.50%,84.50%
427,Bottega Veneta,Sandals,$305.21,58,13.80%,13.80%,20.70%,58.60%,62.10%,62.10%,62.10%
428,Gucci,Leather Tote,$572.79,57,8.80%,14.00%,26.30%,70.20%,77.20%,77.20%,77.20%
429,Marc Jacobs,Short Sleeve T-Shirt,$43.30,57,38.60%,56.10%,66.70%,77.20%,78.90%,78.90%,78.90%
430,Aquazzura,Heels,$204.85,57,3.50%,10.50%,28.10%,64.90%,89.50%,93.00%,93.00%
431,Alexander McQueen,Sunglasses,$156.56,57,19.30%,33.30%,49.10%,78.90%,84.20%,84.20%,84.20%
432,Céline,Heels,$202.21,57,5.30%,19.30%,42.10%,63.20%,86.00%,87.70%,87.70%
433,Zimmermann,One Piece Swimsuit,$140.20,57,31.60%,40.40%,54.40%,78.90%,82.50%,82.50%,82.50%
434,Fendi,Scarf,$153.35,57,45.60%,54.40%,66.70%,80.70%,86.00%,86.00%,86.00%
435,Love Moschino,Short Sleeve T-Shirt,$64.49,57,14.00%,22.80%,40.40%,71.90%,89.50%,89.50%,89.50%
436,Chloé,Leather Shoulder Bag,$423.17,56,23.20%,33.90%,42.90%,83.90%,85.70%,85.70%,85.70%
437,Tod's,Sneakers,$126.74,56,10.70%,14.30%,39.30%,73.20%,83.90%,83.90%,83.90%
438,Chanel,Leather Shoulder Bag,"$2,073.76",56,14.30%,19.60%,32.10%,82.10%,87.50%,87.50%,87.50%
439,Stella McCartney,Wool Pants,$155.83,56,5.40%,8.90%,26.80%,71.40%,83.90%,83.90%,83.90%
440,Chloé,Boots,$278.65,56,25.00%,33.90%,46.40%,66.10%,76.80%,76.80%,76.80%
441,Fjällräven,Beanie,$29.78,56,80.40%,87.50%,91.10%,94.60%,94.60%,94.60%,94.60%
442,Dooney & Bourke,Leather Wallet,$35.26,56,75.00%,83.90%,92.90%,92.90%,94.60%,94.60%,94.60%
443,Manolo Blahnik,Ankle Boots,$229.33,56,12.50%,17.90%,26.80%,69.60%,85.70%,87.50%,87.50%
444,Marc Jacobs,Shoulder Bag,$153.47,55,30.90%,41.80%,60.00%,78.20%,89.10%,89.10%,89.10%
445,Valentino Garavani,Wedges,$232.45,55,18.20%,30.90%,47.30%,74.50%,85.50%,87.30%,87.30%
446,Mansur Gavriel,Leather Bucket Bag,$173.85,55,29.10%,41.80%,61.80%,78.20%,80.00%,80.00%,80.00%
447,Louis Vuitton,Leather Tote,$560.14,55,16.40%,25.50%,40.00%,85.50%,90.90%,90.90%,90.90%
448,Fjällräven,Active Pants,$56.11,55,70.90%,74.50%,85.50%,89.10%,90.90%,90.90%,90.90%
449,Max Mara,Formal Skirt,$103.78,55,10.90%,21.80%,32.70%,52.70%,78.20%,85.50%,89.10%
450,Moncler,Jacket,$392.46,55,29.10%,38.20%,50.90%,80.00%,87.30%,89.10%,89.10%
451,Fjällräven,Wool Pullover Sweater,$71.98,55,89.10%,98.20%,100.00%,100.00%,100.00%,100.00%,100.00%
452,Gucci,Short Sleeve T-Shirt,$161.99,55,29.10%,34.50%,54.50%,89.10%,92.70%,92.70%,92.70%
453,Alexander Wang,Sandals,$162.45,55,7.30%,12.70%,36.40%,58.20%,65.50%,65.50%,65.50%
454,Just Cavalli,Jeans,$101.25,55,27.30%,41.80%,56.40%,83.60%,89.10%,89.10%,89.10%
455,Rouje Paris,Jeans,$85.93,55,49.10%,72.70%,78.20%,92.70%,94.50%,94.50%,94.50%
456,Dolce & Gabbana,Casual Pants,$183.38,55,3.60%,10.90%,27.30%,65.50%,78.20%,78.20%,78.20%
457,Coach,Tote,$85.65,55,72.70%,87.30%,96.40%,96.40%,96.40%,96.40%,96.40%
458,Coach,Sandals,$51.99,54,50.00%,59.30%,83.30%,87.00%,88.90%,88.90%,88.90%
459,Dolce & Gabbana,Blazer,$298.05,54,22.20%,27.80%,40.70%,68.50%,77.80%,77.80%,77.80%
460,Acne Studios,Casual Dress,$163.74,54,9.30%,13.00%,27.80%,59.30%,75.90%,77.80%,77.80%
461,Prada,Sneakers,$297.93,54,22.20%,27.80%,40.70%,66.70%,81.50%,81.50%,81.50%
462,Brunello Cucinelli,Cardigan,$305.93,54,22.20%,29.60%,44.40%,77.80%,81.50%,81.50%,81.50%
463,MARNI,Casual Skirt,$164.31,54,9.30%,18.50%,31.50%,57.40%,72.20%,72.20%,72.20%
464,Gucci,Leather Hobo,$489.68,54,22.20%,29.60%,51.90%,75.90%,88.90%,88.90%,88.90%
465,Kenzo,Pullover Sweater,$101.52,54,18.50%,35.20%,50.00%,72.20%,79.60%,79.60%,79.60%
466,Burberry,Cardigan,$157.17,54,22.20%,42.60%,55.60%,79.60%,85.20%,85.20%,85.20%
467,Givenchy,Leather Satchel,$677.10,53,11.30%,15.10%,26.40%,73.60%,83.00%,83.00%,83.00%
468,Fjällräven,Satchel,$36.74,53,88.70%,100.00%,100.00%,100.00%,100.00%,100.00%,100.00%
469,Tory Burch,Heels,$80.68,53,41.50%,52.80%,75.50%,86.80%,92.50%,92.50%,92.50%
470,Givenchy,Sandals,$190.66,53,11.30%,22.60%,47.20%,66.00%,77.40%,77.40%,77.40%
471,Burberry,Crossbody Bag,$355.02,53,35.80%,50.90%,62.30%,86.80%,86.80%,86.80%,86.80%
472,Tumi,Tote,$96.95,52,38.50%,61.50%,84.60%,96.20%,100.00%,100.00%,100.00%
473,Burberry,3/4 Sleeve T-Shirt,$99.85,52,23.10%,46.20%,59.60%,82.70%,84.60%,84.60%,84.60%
474,Fendi,Cocktail Dress,$305.16,52,1.90%,5.80%,5.80%,53.80%,69.20%,69.20%,69.20%
475,Marc Jacobs,Leather Card Holder,$49.26,52,42.30%,65.40%,88.50%,94.20%,94.20%,94.20%,94.20%
476,Dolce & Gabbana,Wool Pants,$169.89,52,7.70%,13.50%,25.00%,80.80%,84.60%,84.60%,84.60%
477,Burberry,Leather Satchel,$423.86,52,21.20%,28.80%,42.30%,76.90%,84.60%,84.60%,84.60%
478,Valentino,Heels,$298.07,52,13.50%,19.20%,32.70%,61.50%,73.10%,73.10%,73.10%
479,Gucci,Casual Pants,$258.45,52,11.50%,15.40%,26.90%,67.30%,88.50%,88.50%,88.50%
480,Brunello Cucinelli,Cashmere Pullover Sweater,$261.68,52,34.60%,42.30%,57.70%,84.60%,90.40%,90.40%,90.40%
481,Missoni,Casual Dress,$232.68,52,15.40%,19.20%,34.60%,73.10%,96.20%,98.10%,98.10%
482,Prada,Casual Skirt,$184.12,52,21.20%,26.90%,34.60%,73.10%,82.70%,82.70%,82.70%
483,Coach,Boots,$63.98,51,62.70%,74.50%,90.20%,94.10%,94.10%,94.10%,94.10%
484,Fendi,Sandals,$260.90,51,13.70%,19.60%,39.20%,62.70%,76.50%,76.50%,76.50%
485,Longchamp,Leather Wallet,$89.52,51,41.20%,56.90%,74.50%,92.20%,98.00%,98.00%,98.00%
486,Burberry,Blazer,$229.01,51,19.60%,29.40%,43.10%,80.40%,86.30%,86.30%,86.30%
487,Dolce & Gabbana,Jeans,$184.58,50,18.00%,38.00%,46.00%,74.00%,78.00%,78.00%,78.00%
488,Givenchy,Sneakers,$188.62,50,2.00%,8.00%,20.00%,50.00%,62.00%,64.00%,64.00%
489,Longchamp,Makeup Bag,$56.92,50,72.00%,86.00%,90.00%,94.00%,94.00%,94.00%,94.00%
490,Louis Vuitton,Weekender,$805.20,50,16.00%,22.00%,52.00%,88.00%,88.00%,88.00%,88.00%
491,Prada Linea Rossa,Sunglasses,$149.76,50,46.00%,58.00%,66.00%,78.00%,86.00%,86.00%,86.00%
492,Balenciaga,Leather Satchel,$601.72,50,44.00%,52.00%,68.00%,86.00%,90.00%,90.00%,90.00%
493,Brunello Cucinelli,Wool Pants,$216.94,50,6.00%,10.00%,22.00%,56.00%,74.00%,78.00%,78.00%
494,Bottega Veneta,Flats,$216.84,49,6.10%,12.20%,30.60%,67.30%,77.60%,77.60%,77.60%
495,Burberry,Leather Wallet,$198.72,49,20.40%,32.70%,42.90%,75.50%,81.60%,81.60%,81.60%
496,Dolce & Gabbana,Sandals,$218.84,49,22.40%,30.60%,44.90%,69.40%,81.60%,81.60%,81.60%
497,Christian Louboutin,Sneakers,$329.84,49,6.10%,20.40%,38.80%,67.30%,87.80%,87.80%,87.80%
498,HERVE by Herve Leger,Cocktail Dress,$94.34,49,2.00%,2.00%,8.20%,59.20%,69.40%,81.60%,81.60%
499,McQ Alexander McQueen,Casual Dress,$164.05,49,28.60%,36.70%,49.00%,75.50%,91.80%,91.80%,91.80%
500,Dooney & Bourke,Wristlet,$18.54,49,73.50%,93.90%,98.00%,98.00%,98.00%,98.00%,98.00%